<?xml version="1.0" encoding="UTF-8"?>
<GenRun Id="impl_1" LaunchPart="xc7a100tcsg324-1" LaunchTime="1557387958">
  <File Type="OPT-TIMING" Name="sccomp_dataflow_timing_summary_opted.rpt"/>
  <File Type="PHYSOPT-DCP" Name="sccomp_dataflow_physopt.dcp"/>
  <File Type="PA-DCP" Name="sccomp_dataflow.dcp"/>
  <File Type="OPT-DCP" Name="sccomp_dataflow_opt.dcp"/>
  <File Type="ROUTE-STATUS-PB" Name="sccomp_dataflow_route_status.pb"/>
  <File Type="PA-TCL" Name="sccomp_dataflow.tcl"/>
  <File Type="OPT-METHODOLOGY-DRC" Name="sccomp_dataflow_methodology_drc_opted.rpt"/>
  <File Type="INIT-TIMING" Name="sccomp_dataflow_timing_summary_init.rpt"/>
  <File Type="OPT-DRC" Name="sccomp_dataflow_drc_opted.rpt"/>
  <File Type="PWROPT-DCP" Name="sccomp_dataflow_pwropt.dcp"/>
  <File Type="OPT-HWDEF" Name="sccomp_dataflow.hwdef"/>
  <File Type="RDI-RDI" Name="sccomp_dataflow.vdi"/>
  <File Type="PWROPT-DRC" Name="sccomp_dataflow_drc_pwropted.rpt"/>
  <File Type="PWROPT-TIMING" Name="sccomp_dataflow_timing_summary_pwropted.rpt"/>
  <File Type="PLACE-DCP" Name="sccomp_dataflow_placed.dcp"/>
  <File Type="PLACE-IO" Name="sccomp_dataflow_io_placed.rpt"/>
  <File Type="PLACE-CLK" Name="sccomp_dataflow_clock_utilization_placed.rpt"/>
  <File Type="PLACE-UTIL" Name="sccomp_dataflow_utilization_placed.rpt"/>
  <File Type="PLACE-UTIL-PB" Name="sccomp_dataflow_utilization_placed.pb"/>
  <File Type="PLACE-CTRL" Name="sccomp_dataflow_control_sets_placed.rpt"/>
  <File Type="PLACE-SIMILARITY" Name="sccomp_dataflow_incremental_reuse_placed.rpt"/>
  <File Type="PLACE-PRE-SIMILARITY" Name="sccomp_dataflow_incremental_reuse_pre_placed.rpt"/>
  <File Type="PLACE-TIMING" Name="sccomp_dataflow_timing_summary_placed.rpt"/>
  <File Type="POSTPLACE-PWROPT-DCP" Name="sccomp_dataflow_postplace_pwropt.dcp"/>
  <File Type="POSTPLACE-PWROPT-TIMING" Name="sccomp_dataflow_timing_summary_postplace_pwropted.rpt"/>
  <File Type="PHYSOPT-DRC" Name="sccomp_dataflow_drc_physopted.rpt"/>
  <File Type="PHYSOPT-TIMING" Name="sccomp_dataflow_timing_summary_physopted.rpt"/>
  <File Type="ROUTE-DCP" Name="sccomp_dataflow_routed.dcp"/>
  <File Type="ROUTE-BLACKBOX-DCP" Name="sccomp_dataflow_routed_bb.dcp"/>
  <File Type="ROUTE-DRC" Name="sccomp_dataflow_drc_routed.rpt"/>
  <File Type="ROUTE-DRC-PB" Name="sccomp_dataflow_drc_routed.pb"/>
  <File Type="ROUTE-METHODOLOGY-DRC" Name="sccomp_dataflow_methodology_drc_routed.rpt"/>
  <File Type="BG-BIT" Name="sccomp_dataflow.bit"/>
  <File Type="ROUTE-METHODOLOGY-DRC-PB" Name="sccomp_dataflow_methodology_drc_routed.pb"/>
  <File Type="ROUTE-PWR" Name="sccomp_dataflow_power_routed.rpt"/>
  <File Type="ROUTE-PWR-SUM" Name="sccomp_dataflow_power_summary_routed.pb"/>
  <File Type="ROUTE-PWR-RPX" Name="sccomp_dataflow_power_routed.rpx"/>
  <File Type="ROUTE-STATUS" Name="sccomp_dataflow_route_status.rpt"/>
  <File Type="ROUTE-TIMINGSUMMARY" Name="sccomp_dataflow_timing_summary_routed.rpt"/>
  <File Type="ROUTE-TIMING-PB" Name="sccomp_dataflow_timing_summary_routed.pb"/>
  <File Type="ROUTE-TIMING-RPX" Name="sccomp_dataflow_timing_summary_routed.rpx"/>
  <File Type="ROUTE-SIMILARITY" Name="sccomp_dataflow_incremental_reuse_routed.rpt"/>
  <File Type="ROUTE-CLK" Name="sccomp_dataflow_clock_utilization_routed.rpt"/>
  <File Type="POSTROUTE-PHYSOPT-DCP" Name="sccomp_dataflow_postroute_physopt.dcp"/>
  <File Type="POSTROUTE-PHYSOPT-BLACKBOX-DCP" Name="sccomp_dataflow_postroute_physopt_bb.dcp"/>
  <File Type="POSTROUTE-PHYSOPT-TIMING" Name="sccomp_dataflow_timing_summary_postroute_physopted.rpt"/>
  <File Type="POSTROUTE-PHYSOPT-TIMING-PB" Name="sccomp_dataflow_timing_summary_postroute_physopted.pb"/>
  <File Type="POSTROUTE-PHYSOPT-TIMING-RPX" Name="sccomp_dataflow_timing_summary_postroute_physopted.rpx"/>
  <File Type="BG-BIN" Name="sccomp_dataflow.bin"/>
  <File Type="BITSTR-MSK" Name="sccomp_dataflow.msk"/>
  <File Type="BITSTR-RBT" Name="sccomp_dataflow.rbt"/>
  <File Type="BITSTR-NKY" Name="sccomp_dataflow.nky"/>
  <File Type="BITSTR-BMM" Name="sccomp_dataflow_bd.bmm"/>
  <File Type="BITSTR-MMI" Name="sccomp_dataflow.mmi"/>
  <File Type="BITSTR-SYSDEF" Name="sccomp_dataflow.sysdef"/>
  <File Type="BG-BGN" Name="sccomp_dataflow.bgn"/>
  <File Type="BG-DRC" Name="sccomp_dataflow.drc"/>
  <File Type="WBT-USG" Name="usage_statistics_webtalk.html"/>
  <FileSet Name="sources" Type="DesignSrcs" RelSrcDir="$PSRCDIR/sources_1">
    <Filter Type="Srcs"/>
    <File Path="$PSRCDIR/sources_1/new/Asynchronous_D_FF1.v">
      <FileInfo>
        <Attr Name="UsedIn" Val="synthesis"/>
        <Attr Name="UsedIn" Val="implementation"/>
        <Attr Name="UsedIn" Val="simulation"/>
      </FileInfo>
    </File>
    <File Path="$PSRCDIR/sources_1/new/Asynchronous_D_FF.v">
      <FileInfo>
        <Attr Name="UsedIn" Val="synthesis"/>
        <Attr Name="UsedIn" Val="implementation"/>
        <Attr Name="UsedIn" Val="simulation"/>
      </FileInfo>
    </File>
    <File Path="$PSRCDIR/sources_1/new/ALU.v">
      <FileInfo>
        <Attr Name="UsedIn" Val="synthesis"/>
        <Attr Name="UsedIn" Val="implementation"/>
        <Attr Name="UsedIn" Val="simulation"/>
      </FileInfo>
    </File>
    <File Path="$PSRCDIR/sources_1/new/regfile.v">
      <FileInfo>
        <Attr Name="UsedIn" Val="synthesis"/>
        <Attr Name="UsedIn" Val="implementation"/>
        <Attr Name="UsedIn" Val="simulation"/>
      </FileInfo>
    </File>
    <File Path="$PSRCDIR/sources_1/new/pcreg.v">
      <FileInfo>
        <Attr Name="UsedIn" Val="synthesis"/>
        <Attr Name="UsedIn" Val="implementation"/>
        <Attr Name="UsedIn" Val="simulation"/>
      </FileInfo>
    </File>
    <File Path="$PSRCDIR/sources_1/new/seg7x16.v">
      <FileInfo>
        <Attr Name="UsedIn" Val="synthesis"/>
        <Attr Name="UsedIn" Val="implementation"/>
        <Attr Name="UsedIn" Val="simulation"/>
      </FileInfo>
    </File>
    <File Path="$PSRCDIR/sources_1/new/divider.v">
      <FileInfo>
        <Attr Name="UsedIn" Val="synthesis"/>
        <Attr Name="UsedIn" Val="implementation"/>
        <Attr Name="UsedIn" Val="simulation"/>
      </FileInfo>
    </File>
    <File Path="$PSRCDIR/sources_1/new/cpu.v">
      <FileInfo>
        <Attr Name="UsedIn" Val="synthesis"/>
        <Attr Name="UsedIn" Val="implementation"/>
        <Attr Name="UsedIn" Val="simulation"/>
      </FileInfo>
    </File>
    <File Path="$PSRCDIR/sources_1/new/DMEM.v">
      <FileInfo>
        <Attr Name="UsedIn" Val="synthesis"/>
        <Attr Name="UsedIn" Val="implementation"/>
        <Attr Name="UsedIn" Val="simulation"/>
      </FileInfo>
    </File>
    <File Path="$PSRCDIR/sources_1/new/sccomp_dataflow.v">
      <FileInfo>
        <Attr Name="UsedIn" Val="synthesis"/>
        <Attr Name="UsedIn" Val="implementation"/>
        <Attr Name="UsedIn" Val="simulation"/>
      </FileInfo>
    </File>
    <File Path="e:/18192/mips_31_mars_simulate.coe">
      <FileInfo>
        <Attr Name="UsedIn" Val="synthesis"/>
        <Attr Name="UsedIn" Val="simulation"/>
      </FileInfo>
    </File>
    <File Path="e:/test2019_for_cpu31.coe">
      <FileInfo>
        <Attr Name="UsedIn" Val="synthesis"/>
        <Attr Name="UsedIn" Val="simulation"/>
      </FileInfo>
    </File>
    <Config>
      <Option Name="DesignMode" Val="RTL"/>
      <Option Name="TopModule" Val="sccomp_dataflow"/>
      <Option Name="TopAutoSet" Val="TRUE"/>
    </Config>
  </FileSet>
  <FileSet Name="constrs_in" Type="Constrs" RelSrcDir="$PSRCDIR/constrs_1">
    <Filter Type="Constrs"/>
    <File Path="$PSRCDIR/constrs_1/new/icf.xdc">
      <FileInfo>
        <Attr Name="UsedIn" Val="synthesis"/>
        <Attr Name="UsedIn" Val="implementation"/>
      </FileInfo>
    </File>
    <Config>
      <Option Name="ConstrsType" Val="XDC"/>
    </Config>
  </FileSet>
  <Strategy Version="1" Minor="2">
    <StratHandle Name="Vivado Implementation Defaults" Flow="Vivado Implementation 2016"/>
    <Step Id="init_design"/>
    <Step Id="opt_design"/>
    <Step Id="power_opt_design"/>
    <Step Id="place_design"/>
    <Step Id="post_place_power_opt_design"/>
    <Step Id="phys_opt_design"/>
    <Step Id="route_design"/>
    <Step Id="post_route_phys_opt_design"/>
    <Step Id="write_bitstream"/>
  </Strategy>
  <BlockFileSet Type="BlockSrcs" Name="imem"/>
</GenRun>
