<?xml version="1.0" encoding="UTF-8"?>
<GenRun Id="imem_synth_1" LaunchPart="xc7a100tcsg324-1" LaunchTime="1557387504">
  <File Type="RDS-PROPCONSTRS" Name="imem_drc_synth.rpt"/>
  <File Type="PA-TCL" Name="imem.tcl"/>
  <File Type="RDS-RDS" Name="imem.vds"/>
  <File Type="RDS-UTIL" Name="imem_utilization_synth.rpt"/>
  <File Type="RDS-UTIL-PB" Name="imem_utilization_synth.pb"/>
  <File Type="RDS-DCP" Name="imem.dcp"/>
  <File Type="VDS-TIMINGSUMMARY" Name="imem_timing_summary_synth.rpt"/>
  <File Type="VDS-TIMING-PB" Name="imem_timing_summary_synth.pb"/>
  <FileSet Name="sources" Type="BlockSrcs" RelSrcDir="$PSRCDIR/imem">
    <File Path="$PSRCDIR/sources_1/ip/imem/imem.xci">
      <FileInfo>
        <Attr Name="UsedIn" Val="synthesis"/>
        <Attr Name="UsedIn" Val="implementation"/>
        <Attr Name="UsedIn" Val="simulation"/>
      </FileInfo>
    </File>
    <Config>
      <Option Name="TopModule" Val="imem"/>
      <Option Name="UseBlackboxStub" Val="1"/>
    </Config>
  </FileSet>
  <FileSet Name="constrs_in" Type="BlockSrcs" RelSrcDir="$PSRCDIR/imem">
    <File Path="$PSRCDIR/sources_1/ip/imem/imem.xci">
      <FileInfo>
        <Attr Name="UsedIn" Val="synthesis"/>
        <Attr Name="UsedIn" Val="implementation"/>
        <Attr Name="UsedIn" Val="simulation"/>
      </FileInfo>
    </File>
    <Config>
      <Option Name="TopModule" Val="imem"/>
      <Option Name="UseBlackboxStub" Val="1"/>
    </Config>
  </FileSet>
  <Strategy Version="1" Minor="2">
    <StratHandle Name="Vivado Synthesis Defaults" Flow="Vivado Synthesis 2016"/>
    <Step Id="synth_design"/>
  </Strategy>
</GenRun>
